INSERT INTO empresa(id, direccion, email, fecha_creacion, hora_generacion_reparto, nombre, num_telefono, url)
VALUES
    (1, 'Severo del Castillo 1520', 'saura@gmail.com', CURRENT_DATE, '18:00:00.000000', 'Saura SA', '2614193591', 'http://saurasa.com'),
    (2, 'Barrio Santa Ana', 'gero@gmail.com', CURRENT_DATE, '19:15:00.000000', 'Gerardo Soderos', '2613219806', 'http://gersodas.com'),
    (3, 'Barrio Los Frutales', 'carrion@gmail.com', CURRENT_DATE, '16:00:00.000000', 'Carrión Aguas', '2613459654', 'http://caraguas.com'),
    (4, 'Barrio Dalvian', 'juarroz@gmail.com', CURRENT_DATE, '15:00:00.000000', 'Distribuidora Juarroz', '2612314562', 'http://distjuarroz.com');

INSERT INTO dia_semana(id, nombre)
VALUES
    (1, 'Lunes'),
    (2, 'Martes'),
    (3, 'Miercoles'),
    (4, 'Jueves'),
    (5, 'Viernes'),
    (6, 'Sabado'),
    (7, 'Domingo');

INSERT INTO estado_entrega(id, nombre_estado_entrega)
VALUES
    (1, 'Programada'),
    (2, 'Pendiente'),
    (3, 'Procesada'),
    (4, 'Ausente'),
    (5, 'Cancelada');

INSERT INTO estado_pago(id, nombre)
VALUES
    (1, 'Pendiente'),
    (2, 'Rechazado'),
    (3, 'Aprobado');

INSERT INTO estado_pedido(id, nombre_estado_pedido)
VALUES
    (1, 'Pendiente'),
    (2, 'Aprobado'),
    (3, 'Rechazado');

INSERT INTO estado_reparto(id, nombre)
VALUES
    (1, 'Pendiente de Asignación'),
    (2, 'Pendiente de Ejecución'),
    (3, 'En Ejecución'),
    (4, 'Incompleto'),
    (5, 'Cancelado'),
    (6, 'Finalizado');

INSERT INTO medio_pago(id, nombre)
VALUES
    (1, 'Efectivo'),
    (2, 'Mercado Pago');

INSERT INTO tipo_empleado(id, nombre)
VALUES
    (1, 'Oficinista'),
    (2, 'Repartidor');

INSERT INTO tipo_pedido(id, nombre_tipo_pedido)
VALUES
    (1, 'Atípico');

INSERT INTO usuario (id,contraseña,direccion_email,fecha_creacion,fecha_fin_vigencia)
VALUES (1,'$2a$12$QxJltIw5pIXkdc8LzTck4O.4nZsMf2WjM4jsDm99JbMidBLtlFbrS','geroortiz@gmail.com',CURRENT_DATE,NULL),
       (2,'$2a$12$QxJltIw5pIXkdc8LzTck4O.4nZsMf2WjM4jsDm99JbMidBLtlFbrS','nicosaurina@gmail.com',CURRENT_DATE,NULL),
       (3,'$2a$12$a/uNsJUletX9QpjDrT4tRe3hFQUWKpI6rp8nqe6uaPz9KxWDIqW6i','martijuarroz@gmail.com',CURRENT_DATE,NULL),
       (4,'$2a$12$gcZud6yzQV3PcXE/CMUUD.VhWZunoYgPQNl7/k5LaVDZDX/rhSgh2','martincarrion@gmail.com',CURRENT_DATE,CURRENT_DATE);

INSERT INTO rol (id,fecha_creacion,fecha_fin_vigencia,nombre,empresa_id)
VALUES (1,CURRENT_DATE,NULL,'ROLE_ADMIN',1),
       (2,CURRENT_DATE,NULL,'ROLE_CLIENTE',null),
       (3,CURRENT_DATE,NULL,'ROLE_REPARTIDOR',1),
       (4,CURRENT_DATE,NULL,'ROLE_OFICINISTA',1),
       (5,CURRENT_DATE,NULL,'ROLE_ADMIN',2),
       (7,CURRENT_DATE,NULL,'ROLE_REPARTIDOR',2),
       (8,CURRENT_DATE,NULL,'ROLE_ADMIN',3),
       (10,CURRENT_DATE,NULL,'ROLE_REPARTIDOR',3),
       (11,CURRENT_DATE,NULL,'ROLE_ADMIN',4),
       (13,CURRENT_DATE,NULL,'ROLE_REPARTIDOR',4),
       (14,CURRENT_DATE,NULL,'ROLE_OFICINISTA',2),
       (15,CURRENT_DATE,NULL,'ROLE_OFICINISTA',3),
       (16,CURRENT_DATE,NULL,'ROLE_OFICINISTA',4);

insert into permiso_rol(id, permiso_id, rol_id)
values (1,1,1),
       (2,2,1),
       (3,3,1),
       (4,4,1),
       (5,5,1),
       (6,6,1),
       (7,7,1),
       (8,8,1),
       (9,9,1),
       (10,10,1),
       (11,11,1),
       (12,12,1),
       (13,13,1),
       (14,14,1),
       (15,15,1),
       (16,16,1),
       (17,17,1),
       (18,18,1),
       (19,19,1),
       (20,20,1),
       (21,21,1),
       (22,22,1),
       (23,23,1),
       (24,24,1),
       (25,25,1),
       (26,26,1),
       (27,27,1),
       (28,28,1),
       (29,29,1),
       (30,30,1),
       (31,31,1),
       (32,32,1),
       (33,1,5),
       (34,2,5),
       (35,3,5),
       (36,4,5),
       (37,5,5),
       (38,6,5),
       (39,7,5),
       (40,8,5),
       (41,9,5),
       (42,10,5),
       (43,11,5),
       (44,12,5),
       (45,13,5),
       (46,14,5),
       (47,15,5),
       (48,16,5),
       (49,17,5),
       (50,18,5),
       (51,19,5),
       (52,20,5),
       (53,21,5),
       (54,22,5),
       (55,23,5),
       (56,24,5),
       (57,25,5),
       (58,26,5),
       (59,27,5),
       (60,28,5),
       (61,29,5),
       (62,30,5),
       (63,31,5),
       (64,32,5),
       (65,1,8),
       (66,2,8),
       (67,3,8),
       (68,4,8),
       (69,5,8),
       (70,6,8),
       (71,7,8),
       (72,8,8),
       (73,9,8),
       (74,10,8),
       (75,11,8),
       (76,12,8),
       (77,13,8),
       (78,14,8),
       (79,15,8),
       (80,16,8),
       (81,17,8),
       (82,18,8),
       (83,19,8),
       (84,20,8),
       (85,21,8),
       (86,22,8),
       (87,23,8),
       (88,24,8),
       (89,25,8),
       (90,26,8),
       (91,27,8),
       (92,28,8),
       (93,29,8),
       (94,30,8),
       (95,31,8),
       (96,32,8),
       (97,1,11),
       (98,2,11),
       (99,3,11),
       (100,4,11),
       (101,5,11),
       (102,6,11),
       (103,7,11),
       (104,8,11),
       (105,9,11),
       (106,10,11),
       (107,11,11),
       (108,12,11),
       (109,13,11),
       (110,14,11),
       (111,15,11),
       (112,16,11),
       (113,17,11),
       (114,18,11),
       (115,19,11),
       (116,20,11),
       (117,21,11),
       (118,22,11),
       (119,23,11),
       (120,24,11),
       (121,25,11),
       (122,26,11),
       (123,27,11),
       (124,28,11),
       (125,29,11),
       (126,30,11),
       (127,31,11),
       (128,32,11),
       (129,7,2),
       (130,13,2),
       (131,25,2),
       (132,29,2),
       (133,30,2),
       (134,31,2),
       (135,32,2),
       (157,5,3),
       (158,13,3),
       (159,21,3),
       (160,25,3),
       (161,29,3),
       (162,5,7),
       (163,13,7),
       (164,21,7),
       (165,25,7),
       (166,29,7),
       (167,5,10),
       (168,13,10),
       (169,21,10),
       (170,25,10),
       (171,29,10),
       (172,5,13),
       (173,13,13),
       (174,21,13),
       (175,25,13),
       (176,29,13),
       (177,5,4),
       (178,6,4),
       (179,7,4),
       (180,8,4),
       (181,13,4),
       (182,14,4),
       (183,15,4),
       (184,16,4),
       (185,17,4),
       (186,18,4),
       (187,19,4),
       (188,20,4),
       (189,21,4),
       (190,22,4),
       (191,23,4),
       (192,24,4),
       (193,25,4),
       (194,26,4),
       (195,27,4),
       (196,28,4),
       (197,29,4),
       (198,30,4),
       (199,31,4),
       (200,32,4),
       (201,5,14),
       (202,6,14),
       (203,7,14),
       (204,8,14),
       (205,13,14),
       (206,14,14),
       (207,15,14),
       (208,16,14),
       (209,17,14),
       (210,18,14),
       (211,19,14),
       (212,20,14),
       (213,21,14),
       (214,22,14),
       (215,23,14),
       (216,24,14),
       (217,25,14),
       (218,26,14),
       (219,27,14),
       (220,28,14),
       (221,29,14),
       (222,30,14),
       (223,31,14),
       (224,32,14),
       (225,5,15),
       (226,6,15),
       (227,7,15),
       (228,8,15),
       (229,13,15),
       (230,14,15),
       (231,15,15),
       (232,16,15),
       (233,17,15),
       (234,18,15),
       (235,19,15),
       (236,20,15),
       (237,21,15),
       (238,22,15),
       (239,23,15),
       (240,24,15),
       (241,25,15),
       (242,26,15),
       (243,27,15),
       (244,28,15),
       (245,29,15),
       (246,30,15),
       (247,31,15),
       (248,32,15),
       (249,5,16),
       (250,6,16),
       (251,7,16),
       (252,8,16),
       (253,13,16),
       (254,14,16),
       (255,15,16),
       (256,16,16),
       (257,17,16),
       (258,18,16),
       (259,19,16),
       (260,20,16),
       (261,21,16),
       (262,22,16),
       (263,23,16),
       (264,24,16),
       (265,25,16),
       (266,26,16),
       (267,27,16),
       (268,28,16),
       (269,29,16),
       (270,30,16),
       (271,31,16),
       (272,32,16);

insert into rol_usuario(id, rol_id, usuario_id)
values(1, 1, 1),
      (2, 2, 1),
      (3, 5, 2),
      (4, 7, 2),
      (5, 8, 3),
      (6, 10, 3),
      (7, 11, 4),
      (8, 16, 4);

INSERT INTO empleado (id,apellido,fecha_creacion,fecha_fin_vigencia,nombre,num_telefono,usuario_id,fecha_fin_vacaciones,fecha_ingreso,fecha_inicio_vacaciones,legajo,empresa_id,tipo_id)
VALUES (1,'Ortiz',CURRENT_DATE,NULL,'Gerónimo',NULL,1,NULL,NULL,NULL,NULL,2,NULL),
       (2,'Saurina',CURRENT_DATE,NULL,'Nicolás',NULL,2,NULL,NULL,NULL,NULL,1,NULL),
       (3,'Juarroz',CURRENT_DATE,NULL,'Martiniano',NULL,3,NULL,NULL,NULL,NULL,4,NULL),
       (4,'Carrión',CURRENT_DATE,NULL,'Martín',NULL,4,NULL,NULL,NULL,NULL,3,NULL);

INSERT INTO cliente(id, nombre, apellido, dni)
VALUES(1, 'Nicolás', 'Saura', 123),
      (2, 'Marti', 'Juarroz', 321),
      (3, 'Gero', 'Ortiz', 456),
      (4, 'Martin', 'Carry', 987);